Order_ID,Date,Customer_Name,Customer_Email,Customer_City,Product_Name,Category,Price,Quantity,Store_Name,Store_City,Manager_Name
10001,2025-12-31 15:00:00,Ashley Brown,ashley.brown@example.com,Chicago,Mechanical Keyboard,Electronics,150.0,2.0,Westside Retail,Los Angeles,Bob Marley
10002,2025-10-25 12:00:00,John Gonzalez,john.gonzalez@example.com,San Antonio,Stapler,Office Supplies,$15.00,1.0,Valley Center,Phoenix,Elton John
10003,2025-02-11 13:00:00,Jessica Jones,jessica.jones@example.com,Dallas,Gel Pens (Pack),Office Supplies,12.5,4.0,Central Tech,Chicago,Charlie Chaplin
10004,2025-07-10 10:00:00,James Smith,james.smith@example.com,Chicago,Sticky Notes,Office Supplies,8.25,4.0,Central Tech,Chicago,Charlie Chaplin
10005,2025-06-15 20:00:00,Jessica Smith,jessica.smith@example.com,Los Angeles,Mechanical Keyboard, Electronics ,150.0,4.0,Westside Retail,Los Angeles,Bob Marley
10006,2025-08-07 03:00:00,Charles Miller,charles.miller@example.com,Los Angeles,Sticky Notes,Office Supplies,8.25,8.0,Westside Retail,Los Angeles,Bob Marley
10007,2025-01-12 01:00:00,James Davis,james.davis@example.com,San Jose,A4 Paper (Ream),Office Supplies,$5.99,10.0,Central Tech,Chicago,Charlie Chaplin
10008,2025-12-26 05:00:00,Charles Martinez,charles.martinez@example.com,Los Angeles,Gel Pens (Pack),Office Supplies,12.5,5.0,Downtown Hub,New York,Alice Cooper
10009,2025-06-07 01:00:00,Emily Johnson,,San Diego,Stapler,Office Supplies,$15.00,7.0,Central Tech,Chicago,Charlie Chaplin
10010,2025-06-25 03:00:00,william lopez,william.lopez@example.com,Phoenix,Laptop Pro,Electronics,1200.0,1.0,Westside Retail,Los Angeles,Bob Marley
10011,2025-08-06 06:00:00,Robert Garcia,robert.garcia@example.com,Los Angeles,Wireless Mouse,Electronics,25.5,6.0,Valley Center,Phoenix,Elton John
10012,2025-10-16 16:00:00,Hannah Rodriguez,hannah.rodriguez@example.com,New York,Filing Cabinet,Furniture,120.0,8.0,Southside Store,Houston,Diana Ross
10013,2025-01-30 13:00:00,Ashley Miller,ashley.miller@example.com,Phoenix,Sticky Notes,Office Supplies,8.25,2.0,Central Tech,Chicago,Charlie Chaplin
10014,2025-12-19 12:00:00,John Hernandez,john.hernandez@example.com,Chicago,4K Monitor,Electronics,300.0,9.0,Downtown Hub,New York,Alice Cooper
10015,2025-05-23 09:00:00,HANNAH RODRIGUEZ,hannah.rodriguez@example.com,Los Angeles,Ergonomic Chair,Furniture,250.0,2.0,Downtown Hub,New York,Alice Cooper
10016,2025-12-09 06:00:00,James Johnson,james.johnson@example.com,San Antonio,Sticky Notes,Office Supplies,$8.25,2.0,Southside Store,Houston,Diana Ross
10017,2025-02-13 02:00:00,Hannah Jones,hannah.jones@example.com,Dallas,Gel Pens (Pack),Office Supplies,12.5,4.0,Downtown Hub,New York,Alice Cooper
10018,2025-03-10 04:00:00,Joseph Williams,joseph.williams@example.com,Chicago,Sticky Notes,Office Supplies,8.25,9.0,Southside Store,Houston,Diana Ross
10019,2025-06-15 13:00:00,Charles Davis,charles.davis@example.com,San Antonio,Wireless Mouse,Electronics,25.5,3.0,Southside Store,Houston,Diana Ross
10020,2025-10-08 16:00:00,Hannah Garcia,hannah.garcia@example.com,Los Angeles,Standing Desk,Furniture,450.0,2.0,Central Tech,Chicago,Charlie Chaplin
10021,2025-11-16 17:00:00,Jessica Martinez,jessica.martinez@example.com,San Jose,Sticky Notes,Office Supplies,8.25,,Westside Retail,Los Angeles,Bob Marley
10022,2025-05-22 20:00:00,SARAH RODRIGUEZ,sarah.rodriguez@example.com,San Jose,Mechanical Keyboard,Electronics,150.0,2.0,Valley Center,Phoenix,Elton John
10023,2025-01-22 09:00:00,James Rodriguez,,San Antonio,Ergonomic Chair,Furniture,250.0,9.0,Valley Center,Phoenix,Elton John
10024,2025-06-19 21:00:00,John Davis,john.davis@example.com,Houston,Stapler,Office Supplies,$15.00,7.0,Valley Center,Phoenix,Elton John
10025,2025-03-04 22:00:00,David Gonzalez,david.gonzalez@example.com,San Diego,Filing Cabinet,Furniture,120.0,4.0,Central Tech,Chicago,Charlie Chaplin
10026,2025-08-23 14:00:00,John Johnson,john.johnson@example.com,New York,Wireless Mouse,Electronics,$25.50,7.0,Southside Store   ,Houston,Diana Ross
10027,2025-10-10 01:00:00,Jessica Johnson,jessica.johnson@example.com,Houston,Laptop Pro,Electronic,1200.0,2.0,Valley Center,Phoenix,Elton John
10028,2025-06-20 23:00:00,David Davis,david.davis@example.com,San Antonio,4K Monitor,Electronics,300.0,9.0,Central Tech,Chicago,Charlie Chaplin
10029,2025-05-10 07:00:00,Taylor Hernandez,taylor.hernandez@example.com,Houston,Gel Pens (Pack),Office Supplies,12.5,3.0,Southside Store,Houston,Diana Ross
10030,2025-03-04 08:00:00,Amanda Rodriguez,amanda.rodriguez@example.com,Philadelphia,Standing Desk,Furniture,450.0,5.0,Downtown Hub,New York,Alice Cooper
10031,2025-09-25 21:00:00,Joseph Jones,joseph.jones@example.com,San Antonio,Filing Cabinet, Furniture ,120.0,4.0,Downtown Hub,New York,Alice Cooper
10032,2025-03-07 04:00:00,michael rodriguez,,San Jose,Gel Pens (Pack),Office Supplies,12.5,3.0,Southside Store,Houston,Diana Ross
10033,2025-09-18 08:00:00,Michael Anderson,michael.anderson@example.com,Chicago,4K Monitor, Electronics ,300.0,4.0,Southside Store,Houston,Diana Ross
10034,2025-10-22 23:00:00,Megan Lopez,megan.lopez@example.com,San Jose,Stapler, Office Supplies ,15.0,9.0,Valley Center,Phoenix,Elton John
10035,2025-06-08 02:00:00,Sarah Smith,sarah.smith@example.com,Chicago,A4 Paper (Ream), Office Supplies ,$5.99,1.0,Westside Retail,Los Angeles,Bob Marley
10036,2025-05-23 12:00:00,Jessica Miller,jessica.miller@example.com,San Jose,Filing Cabinet,Furniture,120.0,1.0,Valley Center,Phoenix,Elton John
10037,2025-12-18 10:00:00,Megan Jones,megan.jones@example.com,New York,Mechanical Keyboard,Electronic,150.0,7.0,Southside Store,Houston,Diana Ross
10038,2025-06-23 05:00:00,James Williams,james.williams@example.com,New York,Stapler,Office Supplies,15.0,9.0,Southside Store,Houston,Diana Ross
10039,2025-04-01 01:00:00,Sarah Smith,sarah.smith@example.com,Los Angeles,Stapler,Office Supplies,15.0,9.0,Central Tech,Chicago,Charlie Chaplin
10040,2025-06-22 05:00:00,Robert Hernandez,robert.hernandez@example.com,Phoenix,Standing Desk,Furniture,$450.00,8.0,Southside Store,Houston,Diana Ross
10041,2025-01-05 01:00:00,David Johnson,david.johnson@example.com,Chicago,Sticky Notes,Office Supplies,8.25,5.0,Southside Store   ,Houston,Diana Ross
10042,2025-07-31 16:00:00,Emily Davis,emily.davis@example.com,Phoenix,Ergonomic Chair,Furniture,250.0,4.0,Westside Retail,Los Angeles,Bob Marley
10043,2025-07-04 05:00:00,John Miller,john.miller@example.com,Phoenix,A4 Paper (Ream), Office Supplies ,5.99,6.0,Central Tech   ,Chicago,Charlie Chaplin
10044,2025-12-26 04:00:00,Hannah Johnson,hannah.johnson@example.com,New York,4K Monitor,Electronics,$300.00,9.0,Central Tech,Chicago,Charlie Chaplin
10045,2025-05-23 03:00:00,Emily Jones,,Chicago,Gel Pens (Pack),Office Supplies,12.5,9.0,Valley Center,Phoenix,Elton John
10046,2025-08-22 23:00:00,Robert Lopez,robert.lopez@example.com,San Jose,Standing Desk,Furniture,450.0,5.0,Valley Center,Phoenix,Elton John
10047,2025-01-18 09:00:00,Charles Garcia,charles.garcia@example.com,San Jose,Stapler,Office Supplies,15.0,2.0,Southside Store,Houston,Diana Ross
10048,2025-08-11 17:00:00,Sarah Miller,sarah.miller@example.com,San Diego,Filing Cabinet,Furniture,120.0,7.0,Valley Center,Phoenix,Elton John
10049,2025-03-27 16:00:00,Joseph Martinez,joseph.martinez@example.com,Dallas,Stapler,Office Supplies,15.0,10.0,Southside Store,Houston,Diana Ross
10050,2025-04-02 19:00:00,Megan Smith,megan.smith@example.com,Dallas,4K Monitor, Electronics ,300.0,10.0,Valley Center,Phoenix,Elton John
10051,2025-09-20 14:00:00,Taylor Miller,taylor.miller@example.com,Phoenix,A4 Paper (Ream),Office Supplies,5.99,4.0,Downtown Hub,New York,Alice Cooper
10052,2025-04-07 22:00:00,Charles Smith,charles.smith@example.com,,Laptop Pro,Electronics,1200.0,4.0,Valley Center,Phoenix,Elton John
10053,2025-01-08 21:00:00,MEGAN GONZALEZ,megan.gonzalez@example.com,San Antonio,Stapler,Office Supplies,15.0,7.0,Southside Store,Houston,Diana Ross
10054,2025-09-08 21:00:00,Sarah Williams,sarah.williams@example.com,Los Angeles,Wireless Mouse,Electronics,$25.50,10.0,Downtown Hub,New York,Alice Cooper
10055,2025-12-13 06:00:00,Megan Jones,megan.jones@example.com,New York,Filing Cabinet,Furniture,120.0,1.0,Central Tech,Chicago,Charlie Chaplin
10056,2025-04-24 01:00:00,John Brown,john.brown@example.com,San Antonio,Wireless Mouse,Electronics,25.5,2.0,Central Tech,Chicago,Charlie Chaplin
10057,2025-03-11 14:00:00,WILLIAM BROWN,,San Diego,Gel Pens (Pack),Office Supplies,12.5,4.0,Central Tech,Chicago,Charlie Chaplin
10058,2025-09-20 03:00:00,Hannah Gonzalez,hannah.gonzalez@example.com,Chicago,Standing Desk,Furniture,$450.00,4.0,Central Tech,Chicago,Charlie Chaplin
10059,2025-12-25 19:00:00,James Davis,james.davis@example.com,Chicago,Sticky Notes,Office Supplies,8.25,7.0,Central Tech,Chicago,Charlie Chaplin
10060,2025-08-17 11:00:00,Emily Miller,emily.miller@example.com,San Jose,4K Monitor,Electronics,$300.00,7.0,Valley Center,Phoenix,Elton John
10061,2025-05-23 07:00:00,Joseph Davis,joseph.davis@example.com,Houston,Filing Cabinet,Furniture,120.0,9.0,Valley Center,Phoenix,Elton John
10062,2025-07-10 07:00:00,James Miller,james.miller@example.com,San Diego,4K Monitor,Electronics,300.0,2.0,Downtown Hub,New York,Alice Cooper
10063,2025-12-31 20:00:00,David Johnson,david.johnson@example.com,San Jose,4K Monitor,Electronics,300.0,2.0,Southside Store,Houston,Diana Ross
10064,2025-01-20 12:00:00,Amanda Rodriguez,amanda.rodriguez@example.com,San Jose,A4 Paper (Ream),Office Supplies,5.99,3.0,Valley Center,Phoenix,Elton John
10065,2025-08-01 08:00:00,John Martinez,john.martinez@example.com,Los Angeles,Stapler,Office Supplies,15.0,7.0,Westside Retail   ,Los Angeles,Bob Marley
10066,2025-05-07 21:00:00,Joseph Hernandez,joseph.hernandez@example.com,San Diego,A4 Paper (Ream),Office Supplies,5.99,5.0,Central Tech,Chicago,Charlie Chaplin
10067,2025-07-28 13:00:00,Megan Hernandez,,Philadelphia,Filing Cabinet,Furniture,120.0,5.0,Downtown Hub,New York,Alice Cooper
10068,2025-02-12 11:00:00,JAMES LOPEZ,james.lopez@example.com,San Jose,Sticky Notes,Office Supplies,8.25,1.0,Westside Retail,Los Angeles,Bob Marley
10069,2025-10-11 05:00:00,Robert Wilson,robert.wilson@example.com,San Diego,Filing Cabinet,Furniture,120.0,10.0,Southside Store,Houston,Diana Ross
10070,2025-04-14 21:00:00,Michael Garcia,michael.garcia@example.com,Philadelphia,Gel Pens (Pack),Office Supplies,12.5,3.0,Downtown Hub,New York,Alice Cooper
10071,2025-09-09 06:00:00,David Williams,david.williams@example.com,Philadelphia,A4 Paper (Ream),Office Supplies,5.99,3.0,Central Tech,Chicago,Charlie Chaplin
10072,2025-05-10 19:00:00,Charles Johnson,charles.johnson@example.com,San Antonio,Filing Cabinet,Furniture,120.0,3.0,Central Tech,Chicago,Charlie Chaplin
10073,2025-12-01 11:00:00,Jessica Lopez,jessica.lopez@example.com,Phoenix,4K Monitor,Electronics,300.0,9.0,Southside Store,Houston,Diana Ross
10074,2025-10-29 23:00:00,David Smith,david.smith@example.com,Phoenix,Filing Cabinet,Furniture,120.0,2.0,Central Tech,Chicago,Charlie Chaplin
10075,2025-10-26 09:00:00,Megan Miller,megan.miller@example.com,New York,Sticky Notes,Office Supplies,8.25,8.0,Southside Store   ,Houston,Diana Ross
10076,2025-02-12 10:00:00,Megan Gonzalez,megan.gonzalez@example.com,Los Angeles,Ergonomic Chair,Furniture,$250.00,5.0,Downtown Hub,New York,Alice Cooper
10077,2025-01-16 04:00:00,Megan Lopez,megan.lopez@example.com,New York,Wireless Mouse,Electronics,25.5,7.0,Central Tech   ,Chicago,Charlie Chaplin
10078,2025-06-26 12:00:00,Ashley Miller,ashley.miller@example.com,Los Angeles,Laptop Pro,Electronics,1200.0,3.0,Central Tech,Chicago,Charlie Chaplin
10079,2025-11-19 14:00:00,Michael Lopez,michael.lopez@example.com,San Diego,Sticky Notes,Office Supplies,$8.25,8.0,Westside Retail,Los Angeles,Bob Marley
10080,2025-09-01 03:00:00,William Miller,william.miller@example.com,Dallas,Ergonomic Chair,Furniture,250.0,6.0,Central Tech,Chicago,Charlie Chaplin
10081,2025-11-05 00:00:00,Megan Lopez,megan.lopez@example.com,Philadelphia,Filing Cabinet,Furniture,120.0,6.0,Westside Retail,Los Angeles,Bob Marley
10082,2025-12-24 21:00:00,Jessica Miller,jessica.miller@example.com,San Jose,Stapler,Office Supplies,$15.00,10.0,Southside Store,Houston,Diana Ross
10083,2025-03-03 12:00:00,Charles Jones,charles.jones@example.com,Chicago,Standing Desk,Furniture,450.0,2.0,Downtown Hub,New York,Alice Cooper
10084,2025-09-17 08:00:00,Sarah Hernandez,sarah.hernandez@example.com,Los Angeles,Mechanical Keyboard,Electronics,$150.00,7.0,Southside Store,Houston,Diana Ross
10085,2025-07-09 20:00:00,James Miller,james.miller@example.com,Houston,Laptop Pro,Electronics,1200.0,5.0,Westside Retail,Los Angeles,Bob Marley
10086,2025-08-24 14:00:00,Charles Anderson,charles.anderson@example.com,Chicago,4K Monitor,Electronics,$300.00,1.0,Westside Retail,Los Angeles,Bob Marley
10087,2025-06-09 10:00:00,Hannah Martinez,hannah.martinez@example.com,San Jose,Gel Pens (Pack), Office Supplies ,12.5,,Central Tech,Chicago,Charlie Chaplin
10088,2025-02-18 14:00:00,Emily Miller,emily.miller@example.com,San Diego,Ergonomic Chair, Furniture ,$250.00,5.0,Central Tech,Chicago,Charlie Chaplin
10089,2025-11-21 23:00:00,David Jones,,Los Angeles,Laptop Pro, Electronics ,1200.0,5.0,Downtown Hub,New York,Alice Cooper
10090,2025-12-21 02:00:00,Ashley Miller,ashley.miller@example.com,San Jose,A4 Paper (Ream),Office Supplies,5.99,1.0,Downtown Hub,New York,Alice Cooper
10091,2025-05-25 12:00:00,John Anderson,john.anderson@example.com,Chicago,Laptop Pro,Electronics,"$1,200.00",9.0,Southside Store   ,Houston,Diana Ross
10092,2025-09-02 02:00:00,Sarah Williams,sarah.williams@example.com,Dallas,Wireless Mouse,Electronics,25.5,3.0,Westside Retail,Los Angeles,Bob Marley
10093,2025-04-03 01:00:00,joseph hernandez,joseph.hernandez@example.com,Philadelphia,Ergonomic Chair,Furniture,250.0,8.0,Downtown Hub,New York,Alice Cooper
10094,2025-05-22 13:00:00,Michael Hernandez,michael.hernandez@example.com,Los Angeles,4K Monitor,Electronics,300.0,9.0,Westside Retail,Los Angeles,Bob Marley
10095,2025-08-15 16:00:00,Megan Smith,megan.smith@example.com,Houston,A4 Paper (Ream),Office Supplie,5.99,7.0,Valley Center   ,Phoenix,Elton John
10096,2025-05-04 16:00:00,James Miller,james.miller@example.com,Houston,4K Monitor,Electronics,300.0,6.0,Valley Center,Phoenix,Elton John
10097,2025-09-30 22:00:00,Michael Johnson,michael.johnson@example.com,San Antonio,Gel Pens (Pack),Office Supplies,12.5,2.0,Valley Center,Phoenix,Elton John
10098,2025-07-19 08:00:00,Megan Smith,megan.smith@example.com,New York,Standing Desk,Furniture,450.0,7.0,Westside Retail,Los Angeles,Bob Marley
10099,2025-08-12 12:00:00,Michael Brown,michael.brown@example.com,,Stapler, Office Supplies ,15.0,8.0,Downtown Hub,New York,Alice Cooper
10100,2025-12-23 20:00:00,Joseph Hernandez,joseph.hernandez@example.com,Los Angeles,Filing Cabinet,Furniture,120.0,1.0,Downtown Hub,New York,Alice Cooper
10101,2025-08-24 10:00:00,Joseph Jones,joseph.jones@example.com,Los Angeles,Stapler,Office Supplies,15.0,5.0,Downtown Hub,New York,Alice Cooper
10102,2025-02-07 21:00:00,William Miller,william.miller@example.com,Houston,Standing Desk, Furniture ,450.0,1.0,Valley Center,Phoenix,Elton John
10103,2025-04-14 11:00:00,Taylor Smith,taylor.smith@example.com,New York,Filing Cabinet,Furniture,120.0,10.0,Downtown Hub,New York,Alice Cooper
10104,2025-02-10 20:00:00,John Rodriguez,,Chicago,4K Monitor,Electronics,300.0,4.0,Southside Store,Houston,Diana Ross
10105,2025-08-17 23:00:00,John Garcia,john.garcia@example.com,San Jose,Filing Cabinet,Furniture,$120.00,6.0,Southside Store,Houston,Diana Ross
10106,2025-11-22 21:00:00,John Jones,john.jones@example.com,Houston,Sticky Notes,Office Supplies,8.25,10.0,Westside Retail,Los Angeles,Bob Marley
10107,2025-03-12 10:00:00,William Smith,william.smith@example.com,Chicago,Stapler,Office Supplies,15.0,8.0,Downtown Hub,New York,Alice Cooper
10108,2025-10-22 15:00:00,Robert Williams,robert.williams@example.com,New York,Wireless Mouse,Electronics,$25.50,1.0,Central Tech,Chicago,Charlie Chaplin
10109,2025-07-15 17:00:00,John Jones,john.jones@example.com,Philadelphia,Standing Desk,Furniture,450.0,5.0,Valley Center,Phoenix,Elton John
10110,2025-01-25 16:00:00,Jessica Williams,jessica.williams@example.com,San Diego,Gel Pens (Pack),Office Supplies,12.5,2.0,Westside Retail,Los Angeles,Bob Marley
10111,2025-02-20 14:00:00,James Williams,james.williams@example.com,Dallas,Standing Desk,Furniture,450.0,7.0,Central Tech,Chicago,Charlie Chaplin
10112,2025-02-02 03:00:00,Michael Garcia,michael.garcia@example.com,Houston,Ergonomic Chair,Furniture,250.0,3.0,Westside Retail,Los Angeles,Bob Marley
10113,2025-08-20 06:00:00,David Lopez,david.lopez@example.com,Phoenix,Gel Pens (Pack),Office Supplies,$12.50,9.0,Westside Retail,Los Angeles,Bob Marley
10114,2025-05-10 08:00:00,Amanda Wilson,amanda.wilson@example.com,San Diego,Stapler,Office Supplies,15.0,1.0,Downtown Hub,New York,Alice Cooper
10115,2025-08-15 16:00:00,Jessica Lopez,jessica.lopez@example.com,San Antonio,Mechanical Keyboard,Electronics,150.0,5.0,Valley Center   ,Phoenix,Elton John
10116,2025-09-09 16:00:00,Hannah Garcia,hannah.garcia@example.com,,Standing Desk,Furniture,450.0,7.0,Valley Center,Phoenix,Elton John
10117,2025-01-05 21:00:00,Hannah Hernandez,,Houston,A4 Paper (Ream),Office Supplies,5.99,7.0,Central Tech,Chicago,Charlie Chaplin
10118,2025-11-08 23:00:00,Taylor Rodriguez,taylor.rodriguez@example.com,Dallas,Standing Desk,Furniture,$450.00,8.0,Valley Center,Phoenix,Elton John
10119,2025-04-17 07:00:00,Michael Miller,michael.miller@example.com,Chicago,4K Monitor,Electronics,300.0,7.0,Central Tech,Chicago,Charlie Chaplin
10120,2025-10-05 00:00:00,Megan Johnson,megan.johnson@example.com,San Jose,4K Monitor,Electronics,$300.00,5.0,Downtown Hub,New York,Alice Cooper
10121,2025-11-21 00:00:00,Charles Brown,charles.brown@example.com,Dallas,Sticky Notes,Office Supplies,8.25,6.0,Valley Center,Phoenix,Elton John
10122,2025-07-20 09:00:00,Taylor Wilson,taylor.wilson@example.com,Los Angeles,Gel Pens (Pack),Office Supplie,$12.50,4.0,Central Tech,Chicago,Charlie Chaplin
10123,2025-08-04 16:00:00,Hannah Martinez,hannah.martinez@example.com,,Filing Cabinet,Furniture,120.0,6.0,Valley Center,Phoenix,Elton John
10124,2025-05-06 02:00:00,James Smith,james.smith@example.com,San Diego,4K Monitor,Electronics,300.0,9.0,Valley Center,Phoenix,Elton John
10125,2025-01-24 19:00:00,Robert Wilson,robert.wilson@example.com,New York,4K Monitor,Electronics,$300.00,1.0,Downtown Hub,New York,Alice Cooper
10126,2025-03-31 13:00:00,Charles Anderson,charles.anderson@example.com,New York,Ergonomic Chair,Furniture,250.0,8.0,Downtown Hub,New York,Alice Cooper
10127,2025-07-15 02:00:00,Megan Smith,megan.smith@example.com,Philadelphia,Standing Desk,Furniture,450.0,4.0,Valley Center,Phoenix,Elton John
10128,2025-08-20 02:00:00,Ashley Lopez,ashley.lopez@example.com,San Jose,Ergonomic Chair,Furniture,$250.00,9.0,Southside Store,Houston,Diana Ross
10129,2025-12-18 01:00:00,John Rodriguez,john.rodriguez@example.com,New York,A4 Paper (Ream),Office Supplies,$5.99,,Westside Retail,Los Angeles,Bob Marley
10130,2025-08-22 12:00:00,Michael Jones,michael.jones@example.com,Chicago,Standing Desk,Furniture,450.0,7.0,Westside Retail,Los Angeles,Bob Marley
10131,2025-04-23 00:00:00,Joseph Jones,joseph.jones@example.com,Dallas,Sticky Notes, Office Supplies ,8.25,8.0,Central Tech,Chicago,Charlie Chaplin
10132,2025-07-01 01:00:00,William Johnson,william.johnson@example.com,San Diego,A4 Paper (Ream), Office Supplies ,5.99,9.0,Downtown Hub,New York,Alice Cooper
10133,2025-11-06 12:00:00,Joseph Miller,joseph.miller@example.com,Los Angeles,Standing Desk,Furniture,450.0,2.0,Central Tech,Chicago,Charlie Chaplin
10134,2025-07-04 17:00:00,David Hernandez,david.hernandez@example.com,San Antonio,Filing Cabinet,Furniture,120.0,10.0,Central Tech,Chicago,Charlie Chaplin
10135,2025-10-24 02:00:00,Megan Williams,megan.williams@example.com,Dallas,Sticky Notes,Office Supplies,8.25,5.0,Southside Store,Houston,Diana Ross
10136,2025-07-19 11:00:00,joseph miller,joseph.miller@example.com,Los Angeles,Gel Pens (Pack),Office Supplies,12.5,9.0,Valley Center,Phoenix,Elton John
10137,2025-09-21 01:00:00,David Williams,david.williams@example.com,Philadelphia,Gel Pens (Pack),Office Supplies,12.5,7.0,Westside Retail,Los Angeles,Bob Marley
10138,2025-09-26 12:00:00,Joseph Wilson,joseph.wilson@example.com,Houston,4K Monitor, Electronics ,300.0,8.0,Southside Store,Houston,Diana Ross
10139,2025-06-21 18:00:00,Joseph Wilson,,San Diego,Laptop Pro,Electronics,1200.0,7.0,Downtown Hub,New York,Alice Cooper
10140,2025-04-24 23:00:00,William Anderson,william.anderson@example.com,Chicago,Mechanical Keyboard,Electronics,150.0,6.0,Valley Center,Phoenix,Elton John
10141,2025-06-06 07:00:00,james martinez,james.martinez@example.com,New York,Laptop Pro,Electronics,1200.0,2.0,Central Tech,Chicago,Charlie Chaplin
10142,2025-08-28 09:00:00,Sarah Hernandez,sarah.hernandez@example.com,Los Angeles,Standing Desk,Furniture,450.0,9.0,Central Tech,Chicago,Charlie Chaplin
10143,2025-01-28 19:00:00,Emily Miller,emily.miller@example.com,Los Angeles,A4 Paper (Ream),Office Supplie,5.99,3.0,Central Tech,Chicago,Charlie Chaplin
10144,2025-05-14 04:00:00,John Smith,john.smith@example.com,San Jose,Laptop Pro,Electronics,1200.0,4.0,Valley Center,Phoenix,Elton John
10145,2025-04-27 02:00:00,Megan Smith,megan.smith@example.com,Phoenix,Laptop Pro,Electronics,1200.0,6.0,Valley Center,Phoenix,Elton John
10146,2025-02-08 08:00:00,ASHLEY ANDERSON,ashley.anderson@example.com,Los Angeles,Gel Pens (Pack),Office Supplies,12.5,6.0,Southside Store,Houston,Diana Ross
10147,2025-02-17 21:00:00,Taylor Rodriguez,taylor.rodriguez@example.com,San Jose,Ergonomic Chair,Furniture,250.0,7.0,Westside Retail,Los Angeles,Bob Marley
10148,2025-04-08 18:00:00,Joseph Brown,joseph.brown@example.com,Philadelphia,Filing Cabinet, Furniture ,120.0,9.0,Valley Center,Phoenix,Elton John
10149,2025-07-15 23:00:00,Amanda Hernandez,amanda.hernandez@example.com,Dallas,Mechanical Keyboard,Electronics,150.0,2.0,Valley Center   ,Phoenix,Elton John
10150,2025-04-30 00:00:00,Michael Gonzalez,michael.gonzalez@example.com,Chicago,A4 Paper (Ream),Office Supplies,5.99,1.0,Downtown Hub   ,New York,Alice Cooper
10151,2025-08-11 20:00:00,John Garcia,,Chicago,Gel Pens (Pack),Office Supplies,12.5,9.0,Valley Center,Phoenix,Elton John
10152,2025-08-09 16:00:00,John Smith,john.smith@example.com,New York,Wireless Mouse,Electronics,25.5,9.0,Downtown Hub,New York,Alice Cooper
10153,2025-07-05 10:00:00,Charles Williams,charles.williams@example.com,New York,Wireless Mouse,Electronics,25.5,1.0,Downtown Hub,New York,Alice Cooper
10154,2025-08-01 14:00:00,Taylor Johnson,taylor.johnson@example.com,Phoenix,Mechanical Keyboard,Electronics,150.0,2.0,Southside Store,Houston,Diana Ross
10155,2025-06-14 04:00:00,Jessica Lopez,jessica.lopez@example.com,New York,Stapler,Office Supplies,$15.00,5.0,Valley Center,Phoenix,Elton John
10156,2025-11-01 23:00:00,Amanda Jones,amanda.jones@example.com,Phoenix,Standing Desk,Furniture,$450.00,6.0,Valley Center,Phoenix,Elton John
10157,2025-02-18 20:00:00,Ashley Jones,ashley.jones@example.com,Los Angeles,Sticky Notes,Office Supplies,8.25,9.0,Downtown Hub,New York,Alice Cooper
10158,2025-03-27 17:00:00,Amanda Hernandez,amanda.hernandez@example.com,Dallas,Sticky Notes,Office Supplie,8.25,6.0,Westside Retail,Los Angeles,Bob Marley
10159,2025-11-20 23:00:00,Amanda Anderson,amanda.anderson@example.com,Chicago,Wireless Mouse,Electronics,25.5,8.0,Valley Center,Phoenix,Elton John
10160,2025-04-14 15:00:00,James Smith,james.smith@example.com,Chicago,Standing Desk,Furniture,450.0,3.0,Valley Center,Phoenix,Elton John
10161,2025-09-09 06:00:00,David Jones,david.jones@example.com,Houston,Wireless Mouse, Electronics ,25.5,2.0,Valley Center,Phoenix,Elton John
10162,2025-04-22 13:00:00,Hannah Gonzalez,hannah.gonzalez@example.com,Phoenix,Mechanical Keyboard, Electronics ,150.0,7.0,Central Tech,Chicago,Charlie Chaplin
10163,2025-01-23 12:00:00,David Johnson,david.johnson@example.com,San Diego,Laptop Pro,Electronics,"$1,200.00",2.0,Southside Store,Houston,Diana Ross
10164,2025-04-25 19:00:00,Robert Brown,robert.brown@example.com,Phoenix,Gel Pens (Pack),Office Supplies,12.5,1.0,Downtown Hub   ,New York,Alice Cooper
10165,2025-01-13 23:00:00,James Gonzalez,james.gonzalez@example.com,San Diego,Wireless Mouse,Electronics,25.5,6.0,Westside Retail,Los Angeles,Bob Marley
10166,2025-06-08 17:00:00,Jessica Martinez,jessica.martinez@example.com,New York,Gel Pens (Pack),Office Supplies,12.5,7.0,Downtown Hub,New York,Alice Cooper
10167,2025-07-28 05:00:00,Megan Garcia,megan.garcia@example.com,Dallas,Ergonomic Chair, Furniture ,250.0,9.0,Valley Center,Phoenix,Elton John
10168,2025-08-22 04:00:00,william johnson,william.johnson@example.com,New York,Mechanical Keyboard,Electronics,150.0,,Valley Center,Phoenix,Elton John
10169,2025-09-08 05:00:00,Sarah Smith,sarah.smith@example.com,San Diego,Gel Pens (Pack), Office Supplies ,12.5,5.0,Valley Center,Phoenix,Elton John
10170,2025-10-27 17:00:00,Sarah Garcia,sarah.garcia@example.com,,Stapler, Office Supplies ,15.0,2.0,Central Tech,Chicago,Charlie Chaplin
10171,2025-07-25 20:00:00,Amanda Williams,,Dallas,4K Monitor,Electronics,300.0,4.0,Downtown Hub,New York,Alice Cooper
10172,2025-05-23 17:00:00,Sarah Miller,sarah.miller@example.com,Houston,Mechanical Keyboard,Electronics,150.0,4.0,Westside Retail,Los Angeles,Bob Marley
10173,2025-02-23 16:00:00,Jessica Wilson,jessica.wilson@example.com,San Antonio,Stapler,Office Supplies,$15.00,,Westside Retail,Los Angeles,Bob Marley
10174,2025-01-11 09:00:00,WILLIAM GARCIA,william.garcia@example.com,Phoenix,4K Monitor,Electronics,300.0,1.0,Southside Store,Houston,Diana Ross
10175,2025-09-07 11:00:00,William Gonzalez,william.gonzalez@example.com,Phoenix,A4 Paper (Ream),Office Supplies,5.99,9.0,Valley Center,Phoenix,Elton John
10176,2025-11-21 22:00:00,William Miller,william.miller@example.com,San Diego,Filing Cabinet,Furniture,120.0,4.0,Southside Store,Houston,Diana Ross
10177,2025-09-19 06:00:00,Sarah Gonzalez,sarah.gonzalez@example.com,Los Angeles,Wireless Mouse,Electronics,$25.50,4.0,Downtown Hub   ,New York,Alice Cooper
10178,2025-01-18 04:00:00,William Hernandez,william.hernandez@example.com,Houston,Mechanical Keyboard,Electronics,150.0,2.0,Downtown Hub,New York,Alice Cooper
10179,2025-06-13 04:00:00,Robert Wilson,robert.wilson@example.com,Los Angeles,4K Monitor,Electronics,300.0,8.0,Central Tech,Chicago,Charlie Chaplin
10180,2025-12-12 16:00:00,Emily Lopez,emily.lopez@example.com,Houston,Sticky Notes,Office Supplies,8.25,7.0,Downtown Hub,New York,Alice Cooper
10181,2025-12-11 23:00:00,David Smith,david.smith@example.com,Dallas,Ergonomic Chair,Furniture,250.0,2.0,Central Tech   ,Chicago,Charlie Chaplin
10182,2025-05-18 12:00:00,EMILY SMITH,emily.smith@example.com,Houston,Sticky Notes,Office Supplies,8.25,4.0,Downtown Hub,New York,Alice Cooper
10183,2025-12-18 09:00:00,john garcia,,,Stapler,Office Supplies,15.0,8.0,Southside Store,Houston,Diana Ross
10184,2025-07-09 00:00:00,robert lopez,robert.lopez@example.com,San Antonio,Mechanical Keyboard,Electronics,150.0,3.0,Westside Retail,Los Angeles,Bob Marley
10185,2025-04-20 10:00:00,Charles Garcia,charles.garcia@example.com,San Antonio,Ergonomic Chair,Furniture,$250.00,10.0,Westside Retail,Los Angeles,Bob Marley
10186,2025-03-30 10:00:00,Michael Jones,michael.jones@example.com,San Antonio,4K Monitor,Electronics,300.0,5.0,Valley Center,Phoenix,Elton John
10187,2025-08-11 09:00:00,Jessica Smith,jessica.smith@example.com,Philadelphia,Mechanical Keyboard,Electronics,150.0,10.0,Westside Retail   ,Los Angeles,Bob Marley
10188,2025-11-12 17:00:00,Charles Martinez,charles.martinez@example.com,Dallas,Filing Cabinet,Furniture,120.0,4.0,Westside Retail,Los Angeles,Bob Marley
10189,2025-01-17 17:00:00,hannah davis,hannah.davis@example.com,New York,Sticky Notes,Office Supplies,8.25,5.0,Downtown Hub,New York,Alice Cooper
10190,2025-08-22 07:00:00,Megan Hernandez,megan.hernandez@example.com,Los Angeles,Sticky Notes,Office Supplies,8.25,10.0,Southside Store,Houston,Diana Ross
10191,2025-10-14 23:00:00,Hannah Anderson,,New York,Mechanical Keyboard,Electronics,150.0,10.0,Westside Retail,Los Angeles,Bob Marley
10192,2025-05-21 16:00:00,David Johnson,david.johnson@example.com,Philadelphia,Mechanical Keyboard,Electronics,150.0,7.0,Valley Center,Phoenix,Elton John
10193,2025-11-25 20:00:00,Hannah Jones,hannah.jones@example.com,Houston,Mechanical Keyboard,Electronics,150.0,6.0,Valley Center,Phoenix,Elton John
10194,2025-12-17 15:00:00,David Miller,david.miller@example.com,Los Angeles,Ergonomic Chair,Furniture,250.0,9.0,Southside Store,Houston,Diana Ross
10195,2025-08-09 12:00:00,Joseph Gonzalez,joseph.gonzalez@example.com,San Jose,Stapler,Office Supplies,15.0,8.0,Central Tech,Chicago,Charlie Chaplin
10196,2025-02-22 10:00:00,Michael Martinez,michael.martinez@example.com,San Jose,4K Monitor,Electronics,300.0,8.0,Southside Store   ,Houston,Diana Ross
10197,2025-05-31 14:00:00,Amanda Gonzalez,,San Diego,Stapler,Office Supplies,$15.00,2.0,Westside Retail,Los Angeles,Bob Marley
10198,2025-09-15 17:00:00,Jessica Johnson,jessica.johnson@example.com,,Ergonomic Chair,Furniture,250.0,1.0,Central Tech,Chicago,Charlie Chaplin
10199,2025-10-05 08:00:00,James Wilson,james.wilson@example.com,San Diego,Sticky Notes,Office Supplies,8.25,7.0,Westside Retail,Los Angeles,Bob Marley
10200,2025-02-10 15:00:00,Jessica Anderson,jessica.anderson@example.com,New York,Ergonomic Chair,Furniture,$250.00,4.0,Central Tech,Chicago,Charlie Chaplin
10201,2025-03-17 05:00:00,Emily Davis,emily.davis@example.com,Dallas,Standing Desk,Furniture,450.0,9.0,Central Tech,Chicago,Charlie Chaplin
10202,2025-12-13 17:00:00,William Johnson,william.johnson@example.com,Philadelphia,4K Monitor,Electronics,300.0,2.0,Central Tech,Chicago,Charlie Chaplin
10203,2025-10-05 20:00:00,Robert Smith,robert.smith@example.com,Chicago,A4 Paper (Ream),Office Supplies,5.99,10.0,Westside Retail,Los Angeles,Bob Marley
10204,2025-11-13 04:00:00,john johnson,john.johnson@example.com,Los Angeles,4K Monitor,Electronics,300.0,7.0,Downtown Hub,New York,Alice Cooper
10205,2025-12-02 05:00:00,Amanda Williams,amanda.williams@example.com,,Filing Cabinet,Furniture,120.0,5.0,Valley Center,Phoenix,Elton John
10206,2025-10-20 21:00:00,MEGAN LOPEZ,megan.lopez@example.com,San Antonio,Stapler,Office Supplies,15.0,3.0,Westside Retail,Los Angeles,Bob Marley
10207,2025-06-13 15:00:00,david rodriguez,david.rodriguez@example.com,Houston,Ergonomic Chair,Furniture,250.0,3.0,Downtown Hub   ,New York,Alice Cooper
10208,2025-06-22 07:00:00,Robert Smith,robert.smith@example.com,Dallas,Ergonomic Chair,Furniture,250.0,1.0,Southside Store,Houston,Diana Ross
10209,2025-03-19 22:00:00,Charles Garcia,charles.garcia@example.com,San Jose,Stapler,Office Supplies,$15.00,5.0,Central Tech,Chicago,Charlie Chaplin
10210,2025-05-29 21:00:00,William Gonzalez,william.gonzalez@example.com,Chicago,Gel Pens (Pack),Office Supplie,12.5,8.0,Central Tech,Chicago,Charlie Chaplin
10211,2025-03-21 13:00:00,William Brown,william.brown@example.com,Chicago,Stapler,Office Supplies,15.0,4.0,Westside Retail,Los Angeles,Bob Marley
10212,2025-01-27 14:00:00,hannah brown,hannah.brown@example.com,Philadelphia,Filing Cabinet, Furniture ,120.0,7.0,Westside Retail,Los Angeles,Bob Marley
10213,2025-08-23 21:00:00,Jessica Wilson,jessica.wilson@example.com,San Diego,Gel Pens (Pack), Office Supplies ,12.5,6.0,Westside Retail   ,Los Angeles,Bob Marley
10214,2025-09-27 20:00:00,Sarah Brown,sarah.brown@example.com,San Diego,Sticky Notes,Office Supplies,8.25,6.0,Southside Store,Houston,Diana Ross
10215,2025-07-28 08:00:00,Ashley Brown,ashley.brown@example.com,Houston,Ergonomic Chair,Furniture,$250.00,8.0,Southside Store,Houston,Diana Ross
10216,2025-05-20 03:00:00,Sarah Davis,sarah.davis@example.com,Houston,Laptop Pro, Electronics ,1200.0,6.0,Valley Center,Phoenix,Elton John
10217,2025-10-20 16:00:00,Emily Brown,emily.brown@example.com,Philadelphia,Wireless Mouse,Electronics,25.5,4.0,Southside Store,Houston,Diana Ross
10218,2025-03-07 15:00:00,David Wilson,david.wilson@example.com,San Jose,A4 Paper (Ream),Office Supplies,5.99,3.0,Downtown Hub,New York,Alice Cooper
10219,2025-10-16 18:00:00,MEGAN WILSON,megan.wilson@example.com,Houston,4K Monitor,Electronics,300.0,8.0,Downtown Hub,New York,Alice Cooper
10220,2025-12-12 04:00:00,William Rodriguez,william.rodriguez@example.com,Chicago,A4 Paper (Ream),Office Supplies,5.99,8.0,Valley Center,Phoenix,Elton John
10221,2025-01-18 11:00:00,Sarah Garcia,sarah.garcia@example.com,San Jose,4K Monitor,Electronics,300.0,10.0,Westside Retail,Los Angeles,Bob Marley
10222,2025-06-29 18:00:00,charles garcia,charles.garcia@example.com,Philadelphia,Filing Cabinet,Furniture,120.0,6.0,Southside Store,Houston,Diana Ross
10223,2025-04-28 01:00:00,Amanda Anderson,amanda.anderson@example.com,New York,Standing Desk,Furniture,450.0,10.0,Southside Store,Houston,Diana Ross
10224,2025-11-28 21:00:00,Jessica Johnson,jessica.johnson@example.com,,Sticky Notes,Office Supplies,8.25,4.0,Valley Center,Phoenix,Elton John
10225,2025-03-01 09:00:00,John Jones,john.jones@example.com,New York,Stapler,Office Supplies,15.0,2.0,Downtown Hub,New York,Alice Cooper
10226,2025-05-31 05:00:00,Robert Garcia,robert.garcia@example.com,Dallas,Filing Cabinet, Furniture ,$120.00,3.0,Southside Store,Houston,Diana Ross
10227,2025-05-25 09:00:00,Joseph Anderson,joseph.anderson@example.com,Dallas,Filing Cabinet,Furniture,120.0,9.0,Downtown Hub,New York,Alice Cooper
10228,2025-03-08 17:00:00,Joseph Hernandez,joseph.hernandez@example.com,Chicago,A4 Paper (Ream),Office Supplie,5.99,8.0,Valley Center,Phoenix,Elton John
10229,2025-06-17 22:00:00,Ashley Lopez,ashley.lopez@example.com,New York,Filing Cabinet, Furniture ,120.0,1.0,Downtown Hub,New York,Alice Cooper
10230,2025-04-19 03:00:00,amanda williams,amanda.williams@example.com,Phoenix,Standing Desk,Furniture,450.0,3.0,Valley Center,Phoenix,Elton John
10231,2025-02-16 23:00:00,Megan Davis,megan.davis@example.com,San Jose,Sticky Notes,Office Supplies,8.25,5.0,Downtown Hub,New York,Alice Cooper
10232,2025-06-28 22:00:00,Taylor Williams,taylor.williams@example.com,Houston,Wireless Mouse,Electronics,25.5,1.0,Southside Store,Houston,Diana Ross
10233,2025-06-02 05:00:00,Amanda Williams,amanda.williams@example.com,Los Angeles,Wireless Mouse, Electronics ,$25.50,8.0,Central Tech,Chicago,Charlie Chaplin
10234,2025-04-26 13:00:00,Jessica Miller,jessica.miller@example.com,San Antonio,Standing Desk, Furniture ,450.0,10.0,Valley Center,Phoenix,Elton John
10235,2025-05-09 04:00:00,Michael Gonzalez,michael.gonzalez@example.com,Chicago,Standing Desk,Furniture,450.0,3.0,Southside Store,Houston,Diana Ross
10236,2025-04-05 11:00:00,Sarah Smith,sarah.smith@example.com,Philadelphia,A4 Paper (Ream), Office Supplies ,5.99,6.0,Valley Center,Phoenix,Elton John
10237,2025-05-25 21:00:00,Ashley Gonzalez,ashley.gonzalez@example.com,Dallas,Sticky Notes,Office Supplie,8.25,8.0,Westside Retail,Los Angeles,Bob Marley
10238,2025-10-07 07:00:00,Taylor Rodriguez,taylor.rodriguez@example.com,Philadelphia,Standing Desk,Furniture,450.0,3.0,Westside Retail,Los Angeles,Bob Marley
10239,2025-12-12 01:00:00,Sarah Garcia,sarah.garcia@example.com,San Jose,Standing Desk,Furniture,$450.00,2.0,Southside Store,Houston,Diana Ross
10240,2025-06-07 05:00:00,Michael Johnson,michael.johnson@example.com,San Antonio,4K Monitor,Electronics,300.0,1.0,Valley Center,Phoenix,Elton John
10241,2025-12-14 09:00:00,Ashley Anderson,ashley.anderson@example.com,San Diego,Filing Cabinet,Furniture,$120.00,4.0,Westside Retail,Los Angeles,Bob Marley
10242,2025-05-04 13:00:00,Emily Hernandez,emily.hernandez@example.com,Los Angeles,Gel Pens (Pack),Office Supplies,12.5,2.0,Southside Store,Houston,Diana Ross
10243,2025-05-30 03:00:00,CHARLES HERNANDEZ,charles.hernandez@example.com,Phoenix,Wireless Mouse,Electronics,25.5,10.0,Downtown Hub,New York,Alice Cooper
10244,2025-06-21 12:00:00,William Rodriguez,william.rodriguez@example.com,Los Angeles,Ergonomic Chair,Furniture,250.0,2.0,Central Tech   ,Chicago,Charlie Chaplin
10245,2025-03-14 02:00:00,Sarah Gonzalez,,San Antonio,Standing Desk,Furniture,450.0,3.0,Downtown Hub,New York,Alice Cooper
10246,2025-09-15 04:00:00,Charles Rodriguez,charles.rodriguez@example.com,San Diego,Wireless Mouse,Electronics,25.5,9.0,Westside Retail,Los Angeles,Bob Marley
10247,2025-03-04 13:00:00,Sarah Lopez,,Los Angeles,Standing Desk,Furniture,450.0,5.0,Downtown Hub,New York,Alice Cooper
10248,2025-01-16 20:00:00,Robert Miller,robert.miller@example.com,San Diego,Wireless Mouse,Electronics,25.5,3.0,Southside Store,Houston,Diana Ross
10249,2025-02-13 01:00:00,James Williams,james.williams@example.com,Chicago,Sticky Notes, Office Supplies ,8.25,1.0,Westside Retail,Los Angeles,Bob Marley
10250,2025-03-31 16:00:00,Jessica Johnson,jessica.johnson@example.com,Chicago,Sticky Notes,Office Supplies,8.25,7.0,Westside Retail,Los Angeles,Bob Marley
10251,2025-06-29 20:00:00,Sarah Gonzalez,,Houston,Gel Pens (Pack),Office Supplies,12.5,,Central Tech   ,Chicago,Charlie Chaplin
10252,2025-04-29 10:00:00,Megan Hernandez,megan.hernandez@example.com,Phoenix,Laptop Pro,Electronics,1200.0,7.0,Downtown Hub,New York,Alice Cooper
10253,2025-10-29 05:00:00,Charles Brown,charles.brown@example.com,Phoenix,Mechanical Keyboard,Electronics,150.0,10.0,Valley Center,Phoenix,Elton John
10254,2025-09-29 12:00:00,Taylor Anderson,taylor.anderson@example.com,Dallas,Stapler,Office Supplies,15.0,5.0,Valley Center,Phoenix,Elton John
10255,2025-04-11 02:00:00,Sarah Jones,sarah.jones@example.com,Chicago,A4 Paper (Ream),Office Supplies,5.99,2.0,Valley Center,Phoenix,Elton John
10256,2025-09-06 18:00:00,Amanda Hernandez,amanda.hernandez@example.com,Los Angeles,4K Monitor,Electronics,300.0,1.0,Westside Retail,Los Angeles,Bob Marley
10257,2025-09-20 05:00:00,CHARLES WILSON,charles.wilson@example.com,San Jose,Wireless Mouse,Electronics,$25.50,7.0,Central Tech,Chicago,Charlie Chaplin
10258,2025-10-13 20:00:00,Amanda Brown,amanda.brown@example.com,Houston,Mechanical Keyboard,Electronics,150.0,6.0,Downtown Hub,New York,Alice Cooper
10259,2025-05-21 15:00:00,Charles Miller,charles.miller@example.com,Los Angeles,Stapler,Office Supplies,15.0,9.0,Valley Center,Phoenix,Elton John
10260,2025-08-12 18:00:00,Sarah Miller,,Philadelphia,Ergonomic Chair,Furniture,250.0,9.0,Valley Center,Phoenix,Elton John
10261,2025-12-19 11:00:00,Charles Garcia,charles.garcia@example.com,San Diego,Sticky Notes,Office Supplies,8.25,,Downtown Hub   ,New York,Alice Cooper
10262,2025-08-27 13:00:00,John Anderson,john.anderson@example.com,Philadelphia,Gel Pens (Pack),Office Supplies,12.5,7.0,Valley Center,Phoenix,Elton John
10263,2025-12-13 15:00:00,Emily Rodriguez,emily.rodriguez@example.com,Dallas,A4 Paper (Ream),Office Supplies,$5.99,10.0,Southside Store,Houston,Diana Ross
10264,2025-02-24 17:00:00,John Gonzalez,john.gonzalez@example.com,San Diego,Filing Cabinet,Furniture,120.0,10.0,Valley Center,Phoenix,Elton John
10265,2025-07-21 00:00:00,Hannah Smith,hannah.smith@example.com,San Jose,Sticky Notes,Office Supplies,8.25,9.0,Downtown Hub,New York,Alice Cooper
10266,2025-04-07 07:00:00,James Wilson,james.wilson@example.com,Dallas,Stapler,Office Supplies,15.0,10.0,Downtown Hub,New York,Alice Cooper
10267,2025-03-23 11:00:00,Sarah Johnson,sarah.johnson@example.com,Phoenix,Filing Cabinet,Furniture,120.0,5.0,Westside Retail,Los Angeles,Bob Marley
10268,2025-07-16 15:00:00,Robert Martinez,robert.martinez@example.com,San Jose,Ergonomic Chair,Furniture,250.0,1.0,Valley Center,Phoenix,Elton John
10269,2025-09-28 12:00:00,david gonzalez,david.gonzalez@example.com,San Diego,Ergonomic Chair,Furniture,250.0,8.0,Downtown Hub,New York,Alice Cooper
10270,2025-04-16 08:00:00,David Williams,david.williams@example.com,New York,Filing Cabinet,Furniture,120.0,2.0,Central Tech,Chicago,Charlie Chaplin
10271,2025-01-21 05:00:00,Emily Gonzalez,emily.gonzalez@example.com,Dallas,Gel Pens (Pack),Office Supplies,12.5,4.0,Valley Center,Phoenix,Elton John
10272,2025-12-07 19:00:00,Robert Rodriguez,robert.rodriguez@example.com,San Jose,Stapler, Office Supplies ,15.0,6.0,Downtown Hub,New York,Alice Cooper
10273,2025-05-03 21:00:00,Charles Johnson,charles.johnson@example.com,Dallas,Gel Pens (Pack),Office Supplies,12.5,,Central Tech,Chicago,Charlie Chaplin
10274,2025-04-18 08:00:00,Amanda Smith,amanda.smith@example.com,,4K Monitor,Electronics,300.0,6.0,Westside Retail,Los Angeles,Bob Marley
10275,2025-04-15 08:00:00,megan anderson,,Phoenix,Laptop Pro,Electronics,1200.0,1.0,Central Tech,Chicago,Charlie Chaplin
10276,2025-02-16 03:00:00,Emily Lopez,emily.lopez@example.com,Phoenix,Filing Cabinet,Furniture,120.0,,Valley Center,Phoenix,Elton John
10277,2025-11-13 23:00:00,Taylor Lopez,taylor.lopez@example.com,Philadelphia,Standing Desk,Furniture,450.0,3.0,Westside Retail,Los Angeles,Bob Marley
10278,2025-03-04 22:00:00,David Anderson,david.anderson@example.com,Chicago,Ergonomic Chair,Furniture,250.0,2.0,Southside Store,Houston,Diana Ross
10279,2025-10-09 11:00:00,TAYLOR MILLER,taylor.miller@example.com,San Diego,Mechanical Keyboard,Electronics,$150.00,4.0,Downtown Hub   ,New York,Alice Cooper
10280,2025-04-04 02:00:00,David Anderson,david.anderson@example.com,Chicago,Stapler, Office Supplies ,15.0,5.0,Southside Store,Houston,Diana Ross
10281,2025-08-19 22:00:00,hannah anderson,hannah.anderson@example.com,Phoenix,Mechanical Keyboard,Electronics,150.0,1.0,Southside Store,Houston,Diana Ross
10282,2025-03-18 23:00:00,Sarah Wilson,sarah.wilson@example.com,San Diego,Mechanical Keyboard,Electronics,150.0,3.0,Valley Center,Phoenix,Elton John
10283,2025-06-30 12:00:00,John Lopez,john.lopez@example.com,Dallas,Filing Cabinet,Furniture,$120.00,3.0,Valley Center,Phoenix,Elton John
10284,2025-12-28 11:00:00,Michael Smith,michael.smith@example.com,Philadelphia,Sticky Notes,Office Supplie,8.25,10.0,Downtown Hub,New York,Alice Cooper
10285,2025-06-12 20:00:00,Megan Wilson,megan.wilson@example.com,Houston,Stapler, Office Supplies ,15.0,8.0,Downtown Hub,New York,Alice Cooper
10286,2025-04-27 21:00:00,Robert Rodriguez,robert.rodriguez@example.com,Dallas,4K Monitor,Electronics,300.0,8.0,Southside Store,Houston,Diana Ross
10287,2025-11-02 18:00:00,Michael Gonzalez,michael.gonzalez@example.com,Philadelphia,Ergonomic Chair,Furniture,250.0,9.0,Westside Retail,Los Angeles,Bob Marley
10288,2025-09-20 20:00:00,Jessica Hernandez,jessica.hernandez@example.com,Philadelphia,Standing Desk, Furniture ,450.0,9.0,Central Tech,Chicago,Charlie Chaplin
10289,2025-07-23 15:00:00,robert gonzalez,robert.gonzalez@example.com,San Antonio,Gel Pens (Pack),Office Supplies,12.5,4.0,Westside Retail,Los Angeles,Bob Marley
10290,2025-12-05 07:00:00,Sarah Anderson,sarah.anderson@example.com,Philadelphia,Gel Pens (Pack),Office Supplies,12.5,9.0,Southside Store,Houston,Diana Ross
10291,2025-12-14 11:00:00,MICHAEL ANDERSON,michael.anderson@example.com,San Diego,Stapler,Office Supplies,15.0,5.0,Westside Retail,Los Angeles,Bob Marley
10292,2025-11-06 12:00:00,Emily Brown,emily.brown@example.com,San Diego,Filing Cabinet,Furniture,120.0,6.0,Downtown Hub,New York,Alice Cooper
10293,2025-09-27 01:00:00,Amanda Miller,amanda.miller@example.com,Houston,Laptop Pro,Electronics,1200.0,1.0,Westside Retail   ,Los Angeles,Bob Marley
10294,2025-11-08 23:00:00,Hannah Brown,hannah.brown@example.com,Chicago,A4 Paper (Ream),Office Supplies,5.99,6.0,Valley Center   ,Phoenix,Elton John
10295,2025-12-17 05:00:00,Robert Lopez,robert.lopez@example.com,Chicago,4K Monitor,Electronics,300.0,10.0,Downtown Hub,New York,Alice Cooper
10296,2025-10-01 04:00:00,Sarah Wilson,sarah.wilson@example.com,Los Angeles,Gel Pens (Pack),Office Supplies,12.5,7.0,Central Tech,Chicago,Charlie Chaplin
10297,2025-03-23 08:00:00,David Garcia,david.garcia@example.com,San Antonio,Standing Desk,Furniture,450.0,2.0,Downtown Hub,New York,Alice Cooper
10298,2025-05-29 19:00:00,William Wilson,william.wilson@example.com,Houston,Sticky Notes,Office Supplies,8.25,4.0,Westside Retail,Los Angeles,Bob Marley
10299,2025-02-24 13:00:00,Ashley Miller,ashley.miller@example.com,Dallas,Wireless Mouse,Electronics,25.5,6.0,Central Tech,Chicago,Charlie Chaplin
10300,2025-05-28 16:00:00,David Hernandez,david.hernandez@example.com,Los Angeles,Gel Pens (Pack),Office Supplie,12.5,3.0,Westside Retail,Los Angeles,Bob Marley
10301,2025-03-20 10:00:00,Jessica Hernandez,jessica.hernandez@example.com,San Jose,4K Monitor,Electronics,300.0,8.0,Southside Store,Houston,Diana Ross
10302,2025-07-28 06:00:00,Sarah Martinez,sarah.martinez@example.com,Dallas,A4 Paper (Ream),Office Supplies,5.99,1.0,Westside Retail,Los Angeles,Bob Marley
10303,2025-02-17 03:00:00,taylor miller,taylor.miller@example.com,San Antonio,Mechanical Keyboard,Electronics,150.0,9.0,Westside Retail,Los Angeles,Bob Marley
10304,2025-12-08 13:00:00,Michael Williams,michael.williams@example.com,Dallas,4K Monitor,Electronics,300.0,6.0,Downtown Hub   ,New York,Alice Cooper
10305,2025-02-06 05:00:00,james garcia,james.garcia@example.com,San Diego,Gel Pens (Pack),Office Supplies,12.5,7.0,Southside Store,Houston,Diana Ross
10306,2025-03-09 09:00:00,Jessica Hernandez,jessica.hernandez@example.com,Los Angeles,Stapler,Office Supplies,15.0,9.0,Southside Store,Houston,Diana Ross
10307,2025-03-14 07:00:00,James Brown,james.brown@example.com,Dallas,A4 Paper (Ream),Office Supplies,5.99,1.0,Downtown Hub,New York,Alice Cooper
10308,2025-05-04 07:00:00,Amanda Jones,amanda.jones@example.com,Phoenix,A4 Paper (Ream),Office Supplies,5.99,7.0,Southside Store,Houston,Diana Ross
10309,2025-12-29 17:00:00,Hannah Smith,hannah.smith@example.com,Phoenix,A4 Paper (Ream),Office Supplies,5.99,2.0,Downtown Hub,New York,Alice Cooper
10310,2025-10-24 22:00:00,Sarah Rodriguez,,Dallas,Filing Cabinet,Furniture,$120.00,8.0,Central Tech,Chicago,Charlie Chaplin
10311,2025-06-26 19:00:00,William Jones,william.jones@example.com,San Diego,Ergonomic Chair,Furniture,250.0,7.0,Downtown Hub,New York,Alice Cooper
10312,2025-10-30 21:00:00,Michael Lopez,michael.lopez@example.com,Dallas,Mechanical Keyboard,Electronics,150.0,5.0,Central Tech,Chicago,Charlie Chaplin
10313,2025-01-28 03:00:00,Joseph Smith,joseph.smith@example.com,Dallas,Standing Desk,Furniture,450.0,,Westside Retail,Los Angeles,Bob Marley
10314,2025-01-25 16:00:00,JOSEPH GONZALEZ,joseph.gonzalez@example.com,San Jose,Gel Pens (Pack),Office Supplies,$12.50,8.0,Southside Store,Houston,Diana Ross
10315,2025-07-17 13:00:00,Joseph Davis,joseph.davis@example.com,Los Angeles,Mechanical Keyboard,Electronic,150.0,1.0,Valley Center,Phoenix,Elton John
10316,2025-05-25 12:00:00,Joseph Gonzalez,joseph.gonzalez@example.com,Philadelphia,Filing Cabinet,Furniture,$120.00,9.0,Southside Store   ,Houston,Diana Ross
10317,2025-11-30 11:00:00,Joseph Rodriguez,joseph.rodriguez@example.com,Philadelphia,4K Monitor,Electronics,300.0,9.0,Valley Center,Phoenix,Elton John
10318,2025-05-11 03:00:00,Robert Hernandez,robert.hernandez@example.com,San Diego,Mechanical Keyboard,Electronics,150.0,2.0,Valley Center,Phoenix,Elton John
10319,2025-06-09 09:00:00,Jessica Williams,jessica.williams@example.com,Houston,Sticky Notes, Office Supplies ,8.25,8.0,Valley Center,Phoenix,Elton John
10320,2025-03-08 14:00:00,Taylor Johnson,taylor.johnson@example.com,Chicago,Stapler,Office Supplies,15.0,1.0,Downtown Hub,New York,Alice Cooper
10321,2025-06-28 21:00:00,James Johnson,james.johnson@example.com,Chicago,Filing Cabinet,Furniture,120.0,4.0,Valley Center,Phoenix,Elton John
10322,2025-02-07 14:00:00,Charles Williams,charles.williams@example.com,San Antonio,Sticky Notes,Office Supplie,8.25,6.0,Valley Center,Phoenix,Elton John
10323,2025-11-21 13:00:00,Amanda Anderson,,San Antonio,Standing Desk,Furniture,$450.00,3.0,Central Tech,Chicago,Charlie Chaplin
10324,2025-06-24 20:00:00,Taylor Jones,taylor.jones@example.com,San Diego,Laptop Pro,Electronics,1200.0,2.0,Southside Store,Houston,Diana Ross
10325,2025-12-15 07:00:00,James Garcia,james.garcia@example.com,Los Angeles,4K Monitor,Electronics,300.0,7.0,Central Tech,Chicago,Charlie Chaplin
10326,2025-10-03 08:00:00,Jessica Jones,jessica.jones@example.com,Phoenix,A4 Paper (Ream),Office Supplies,5.99,10.0,Downtown Hub,New York,Alice Cooper
10327,2025-05-13 18:00:00,Hannah Miller,hannah.miller@example.com,New York,Mechanical Keyboard,Electronics,150.0,10.0,Valley Center,Phoenix,Elton John
10328,2025-01-09 18:00:00,Emily Miller,emily.miller@example.com,Houston,Wireless Mouse,Electronics,$25.50,9.0,Downtown Hub,New York,Alice Cooper
10329,2025-06-08 15:00:00,robert jones,robert.jones@example.com,Los Angeles,Stapler,Office Supplie,15.0,4.0,Valley Center,Phoenix,Elton John
10330,2025-04-10 22:00:00,Emily Gonzalez,emily.gonzalez@example.com,New York,Stapler, Office Supplies ,15.0,,Southside Store   ,Houston,Diana Ross
10331,2025-10-07 14:00:00,sarah garcia,sarah.garcia@example.com,Houston,A4 Paper (Ream), Office Supplies ,$5.99,5.0,Valley Center,Phoenix,Elton John
10332,2025-02-17 05:00:00,Joseph Gonzalez,joseph.gonzalez@example.com,San Diego,Gel Pens (Pack),Office Supplies,12.5,2.0,Southside Store,Houston,Diana Ross
10333,2025-12-29 08:00:00,Michael Johnson,michael.johnson@example.com,Chicago,A4 Paper (Ream),Office Supplies,5.99,5.0,Southside Store,Houston,Diana Ross
10334,2025-12-31 15:00:00,Taylor Miller,taylor.miller@example.com,San Diego,Ergonomic Chair,Furniture,250.0,7.0,Westside Retail,Los Angeles,Bob Marley
10335,2025-05-06 07:00:00,Robert Jones,robert.jones@example.com,San Jose,A4 Paper (Ream),Office Supplies,$5.99,10.0,Central Tech,Chicago,Charlie Chaplin
10336,2025-08-21 09:00:00,Amanda Gonzalez,amanda.gonzalez@example.com,Philadelphia,Filing Cabinet,Furniture,120.0,3.0,Valley Center,Phoenix,Elton John
10337,2025-07-20 12:00:00,John Smith,john.smith@example.com,Houston,Stapler, Office Supplies ,15.0,4.0,Downtown Hub   ,New York,Alice Cooper
10338,2025-10-09 11:00:00,Michael Lopez,michael.lopez@example.com,Houston,Laptop Pro,Electronics,"$1,200.00",10.0,Westside Retail,Los Angeles,Bob Marley
10339,2025-12-22 03:00:00,Sarah Anderson,sarah.anderson@example.com,Dallas,Filing Cabinet,Furniture,120.0,7.0,Southside Store,Houston,Diana Ross
10340,2025-10-16 02:00:00,Joseph Gonzalez,joseph.gonzalez@example.com,New York,Stapler,Office Supplies,15.0,8.0,Downtown Hub,New York,Alice Cooper
10341,2025-05-26 09:00:00,Megan Gonzalez,megan.gonzalez@example.com,New York,4K Monitor,Electronics,300.0,9.0,Valley Center,Phoenix,Elton John
10342,2025-11-11 22:00:00,James Jones,james.jones@example.com,Chicago,Ergonomic Chair,Furniture,250.0,2.0,Southside Store,Houston,Diana Ross
10343,2025-10-03 14:00:00,Taylor Jones,taylor.jones@example.com,New York,Filing Cabinet, Furniture ,120.0,7.0,Valley Center,Phoenix,Elton John
10344,2025-06-12 17:00:00,robert williams,robert.williams@example.com,San Antonio,A4 Paper (Ream),Office Supplies,5.99,2.0,Southside Store,Houston,Diana Ross
10345,2025-07-23 13:00:00,William Gonzalez,,San Diego,Sticky Notes, Office Supplies ,8.25,4.0,Valley Center   ,Phoenix,Elton John
10346,2025-08-15 22:00:00,Hannah Martinez,hannah.martinez@example.com,Philadelphia,Sticky Notes,Office Supplies,$8.25,7.0,Central Tech,Chicago,Charlie Chaplin
10347,2025-10-06 11:00:00,JOSEPH GARCIA,joseph.garcia@example.com,New York,Gel Pens (Pack),Office Supplie,12.5,5.0,Valley Center,Phoenix,Elton John
10348,2025-06-02 21:00:00,Michael Martinez,michael.martinez@example.com,Los Angeles,Laptop Pro,Electronics,1200.0,2.0,Westside Retail,Los Angeles,Bob Marley
10349,2025-05-15 01:00:00,William Johnson,william.johnson@example.com,San Jose,Filing Cabinet,Furniture,120.0,3.0,Downtown Hub   ,New York,Alice Cooper
10350,2025-07-14 21:00:00,David Jones,david.jones@example.com,,Filing Cabinet,Furniture,120.0,,Downtown Hub,New York,Alice Cooper
10351,2025-09-22 17:00:00,Ashley Williams,ashley.williams@example.com,Houston,Standing Desk,Furniture,450.0,7.0,Downtown Hub,New York,Alice Cooper
10352,2025-06-16 09:00:00,JOSEPH LOPEZ,joseph.lopez@example.com,Houston,Standing Desk,Furniture,450.0,3.0,Valley Center,Phoenix,Elton John
10353,2025-04-14 15:00:00,Jessica Gonzalez,jessica.gonzalez@example.com,San Diego,4K Monitor,Electronics,300.0,10.0,Central Tech,Chicago,Charlie Chaplin
10354,2025-07-28 08:00:00,Joseph Garcia,joseph.garcia@example.com,Los Angeles,Gel Pens (Pack),Office Supplies,12.5,,Valley Center,Phoenix,Elton John
10355,2025-06-28 10:00:00,Jessica Garcia,jessica.garcia@example.com,Chicago,Standing Desk,Furniture,450.0,,Downtown Hub,New York,Alice Cooper
10356,2025-12-19 13:00:00,Jessica Hernandez,jessica.hernandez@example.com,San Antonio,Stapler,Office Supplie,15.0,6.0,Southside Store,Houston,Diana Ross
10357,2025-11-28 19:00:00,Sarah Garcia,sarah.garcia@example.com,San Antonio,Sticky Notes,Office Supplies,8.25,5.0,Central Tech,Chicago,Charlie Chaplin
10358,2025-04-27 08:00:00,Jessica Wilson,jessica.wilson@example.com,Philadelphia,Stapler,Office Supplies,15.0,6.0,Central Tech,Chicago,Charlie Chaplin
10359,2025-11-24 06:00:00,Joseph Davis,joseph.davis@example.com,New York,Gel Pens (Pack),Office Supplies,12.5,8.0,Valley Center,Phoenix,Elton John
10360,2025-01-12 09:00:00,Emily Smith,emily.smith@example.com,Phoenix,Sticky Notes,Office Supplies,8.25,2.0,Westside Retail,Los Angeles,Bob Marley
10361,2025-11-18 13:00:00,Michael Smith,michael.smith@example.com,New York,Mechanical Keyboard,Electronics,$150.00,4.0,Valley Center   ,Phoenix,Elton John
10362,2025-02-14 19:00:00,John Williams,john.williams@example.com,San Diego,A4 Paper (Ream),Office Supplies,5.99,7.0,Valley Center,Phoenix,Elton John
10363,2025-03-20 20:00:00,John Johnson,john.johnson@example.com,Los Angeles,Standing Desk,Furniture,450.0,4.0,Valley Center,Phoenix,Elton John
10364,2025-11-20 04:00:00,Joseph Lopez,joseph.lopez@example.com,San Antonio,Laptop Pro,Electronics,1200.0,9.0,Southside Store,Houston,Diana Ross
10365,2025-11-12 22:00:00,John Davis,,Houston,4K Monitor,Electronics,300.0,,Southside Store,Houston,Diana Ross
10366,2025-03-03 11:00:00,Robert Martinez,robert.martinez@example.com,Philadelphia,Ergonomic Chair,Furniture,250.0,8.0,Central Tech,Chicago,Charlie Chaplin
10367,2025-10-09 05:00:00,Hannah Garcia,hannah.garcia@example.com,Dallas,Mechanical Keyboard,Electronic,150.0,5.0,Central Tech   ,Chicago,Charlie Chaplin
10368,2025-09-12 05:00:00,Sarah Hernandez,sarah.hernandez@example.com,Los Angeles,Sticky Notes,Office Supplies,8.25,4.0,Southside Store,Houston,Diana Ross
10369,2025-03-20 02:00:00,Amanda Wilson,amanda.wilson@example.com,New York,A4 Paper (Ream),Office Supplies,5.99,9.0,Valley Center,Phoenix,Elton John
10370,2025-10-05 04:00:00,Joseph Johnson,joseph.johnson@example.com,Houston,Mechanical Keyboard,Electronics,150.0,8.0,Westside Retail,Los Angeles,Bob Marley
10371,2025-10-11 17:00:00,Megan Wilson,megan.wilson@example.com,Houston,Filing Cabinet,Furniture,120.0,9.0,Southside Store,Houston,Diana Ross
10372,2025-01-01 07:00:00,Taylor Anderson,taylor.anderson@example.com,Los Angeles,Standing Desk,Furniture,450.0,9.0,Downtown Hub,New York,Alice Cooper
10373,2025-06-02 04:00:00,David Wilson,david.wilson@example.com,Houston,Stapler,Office Supplies,15.0,5.0,Southside Store,Houston,Diana Ross
10374,2025-08-27 18:00:00,Emily Brown,emily.brown@example.com,,4K Monitor,Electronics,300.0,8.0,Downtown Hub,New York,Alice Cooper
10375,2025-03-13 23:00:00,Amanda Anderson,amanda.anderson@example.com,Dallas,Mechanical Keyboard,Electronics,150.0,7.0,Westside Retail,Los Angeles,Bob Marley
10376,2025-11-05 06:00:00,William Williams,william.williams@example.com,Houston,Filing Cabinet,Furniture,120.0,7.0,Downtown Hub,New York,Alice Cooper
10377,2025-02-12 05:00:00,Joseph Wilson,joseph.wilson@example.com,Los Angeles,Ergonomic Chair,Furniture,250.0,6.0,Westside Retail   ,Los Angeles,Bob Marley
10378,2025-08-05 10:00:00,Megan Johnson,megan.johnson@example.com,Houston,Standing Desk, Furniture ,450.0,8.0,Downtown Hub,New York,Alice Cooper
10379,2025-12-17 01:00:00,Megan Anderson,,Dallas,Stapler,Office Supplies,15.0,3.0,Central Tech,Chicago,Charlie Chaplin
10380,2025-11-14 11:00:00,James Miller,james.miller@example.com,San Diego,Standing Desk,Furniture,450.0,8.0,Westside Retail,Los Angeles,Bob Marley
10381,2025-06-01 11:00:00,MEGAN LOPEZ,megan.lopez@example.com,Phoenix,4K Monitor,Electronics,300.0,3.0,Valley Center,Phoenix,Elton John
10382,2025-11-09 22:00:00,Ashley Lopez,ashley.lopez@example.com,Philadelphia,4K Monitor,Electronics,300.0,1.0,Downtown Hub,New York,Alice Cooper
10383,2025-05-09 15:00:00,Hannah Gonzalez,hannah.gonzalez@example.com,San Antonio,Standing Desk,Furniture,450.0,4.0,Southside Store,Houston,Diana Ross
10384,2025-12-08 06:00:00,Ashley Martinez,ashley.martinez@example.com,Houston,Gel Pens (Pack),Office Supplies,12.5,8.0,Downtown Hub,New York,Alice Cooper
10385,2025-04-01 14:00:00,John Williams,john.williams@example.com,Phoenix,Ergonomic Chair,Furniture,250.0,2.0,Westside Retail,Los Angeles,Bob Marley
10386,2025-04-19 19:00:00,Amanda Brown,amanda.brown@example.com,San Antonio,Laptop Pro,Electronics,1200.0,6.0,Downtown Hub   ,New York,Alice Cooper
10387,2025-11-01 15:00:00,Charles Rodriguez,charles.rodriguez@example.com,Dallas,Gel Pens (Pack),Office Supplies,12.5,5.0,Westside Retail,Los Angeles,Bob Marley
10388,2025-12-04 18:00:00,Joseph Hernandez,joseph.hernandez@example.com,San Jose,Filing Cabinet,Furniture,120.0,1.0,Southside Store,Houston,Diana Ross
10389,2025-04-10 13:00:00,Charles Williams,charles.williams@example.com,New York,4K Monitor,Electronics,300.0,6.0,Westside Retail,Los Angeles,Bob Marley
10390,2025-01-29 22:00:00,Taylor Davis,taylor.davis@example.com,San Antonio,4K Monitor,Electronics,300.0,10.0,Westside Retail,Los Angeles,Bob Marley
10391,2025-02-26 02:00:00,Robert Wilson,robert.wilson@example.com,Chicago,Filing Cabinet,Furniture,120.0,7.0,Downtown Hub   ,New York,Alice Cooper
10392,2025-03-13 06:00:00,Emily Jones,emily.jones@example.com,,Wireless Mouse,Electronics,25.5,4.0,Westside Retail,Los Angeles,Bob Marley
10393,2025-12-19 06:00:00,Michael Garcia,michael.garcia@example.com,Houston,Filing Cabinet,Furniture,120.0,6.0,Southside Store   ,Houston,Diana Ross
10394,2025-08-27 16:00:00,William Garcia,william.garcia@example.com,New York,Standing Desk, Furniture ,450.0,6.0,Valley Center,Phoenix,Elton John
10395,2025-05-07 07:00:00,Charles Jones,charles.jones@example.com,Dallas,Gel Pens (Pack),Office Supplies,12.5,6.0,Central Tech   ,Chicago,Charlie Chaplin
10396,2025-12-08 06:00:00,James Miller,james.miller@example.com,Philadelphia,Sticky Notes,Office Supplie,8.25,5.0,Southside Store,Houston,Diana Ross
10397,2025-08-06 18:00:00,Joseph Garcia,joseph.garcia@example.com,Phoenix,4K Monitor,Electronics,300.0,6.0,Westside Retail,Los Angeles,Bob Marley
10398,2025-05-18 19:00:00,Amanda Jones,amanda.jones@example.com,Los Angeles,Ergonomic Chair,Furniture,250.0,5.0,Valley Center,Phoenix,Elton John
10399,2025-12-11 04:00:00,Robert Gonzalez,robert.gonzalez@example.com,,A4 Paper (Ream),Office Supplies,5.99,,Westside Retail   ,Los Angeles,Bob Marley
10400,2025-10-07 17:00:00,Megan Lopez,megan.lopez@example.com,New York,Stapler,Office Supplies,15.0,7.0,Valley Center,Phoenix,Elton John
10401,2025-03-03 10:00:00,Megan Hernandez,megan.hernandez@example.com,Houston,Mechanical Keyboard,Electronic,150.0,1.0,Central Tech,Chicago,Charlie Chaplin
10402,2025-09-09 05:00:00,Ashley Garcia,ashley.garcia@example.com,San Diego,Stapler,Office Supplies,$15.00,6.0,Downtown Hub,New York,Alice Cooper
10403,2025-10-04 16:00:00,Charles Miller,charles.miller@example.com,San Diego,Sticky Notes,Office Supplies,$8.25,2.0,Westside Retail,Los Angeles,Bob Marley
10404,2025-11-02 01:00:00,Joseph Smith,joseph.smith@example.com,Phoenix,Wireless Mouse,Electronics,25.5,9.0,Westside Retail,Los Angeles,Bob Marley
10405,2025-06-18 00:00:00,Emily Johnson,,San Diego,Mechanical Keyboard,Electronics,$150.00,9.0,Central Tech,Chicago,Charlie Chaplin
10406,2025-11-03 08:00:00,Joseph Miller,joseph.miller@example.com,Dallas,Ergonomic Chair,Furniture,250.0,3.0,Southside Store,Houston,Diana Ross
10407,2025-06-09 05:00:00,Michael Martinez,michael.martinez@example.com,Dallas,Gel Pens (Pack),Office Supplies,12.5,1.0,Downtown Hub   ,New York,Alice Cooper
10408,2025-02-01 04:00:00,Taylor Rodriguez,taylor.rodriguez@example.com,San Jose,4K Monitor, Electronics ,300.0,5.0,Westside Retail,Los Angeles,Bob Marley
10409,2025-10-06 02:00:00,jessica davis,jessica.davis@example.com,San Antonio,Stapler,Office Supplies,$15.00,7.0,Central Tech,Chicago,Charlie Chaplin
10410,2025-08-29 22:00:00,Megan Martinez,megan.martinez@example.com,San Jose,Filing Cabinet,Furniture,120.0,5.0,Downtown Hub,New York,Alice Cooper
10411,2025-12-21 10:00:00,Joseph Williams,joseph.williams@example.com,New York,Stapler,Office Supplies,15.0,8.0,Central Tech,Chicago,Charlie Chaplin
10412,2025-08-07 18:00:00,David Lopez,david.lopez@example.com,San Jose,Mechanical Keyboard,Electronics,150.0,5.0,Southside Store,Houston,Diana Ross
10413,2025-04-21 12:00:00,Emily Brown,emily.brown@example.com,Los Angeles,Mechanical Keyboard,Electronics,150.0,10.0,Central Tech,Chicago,Charlie Chaplin
10414,2025-04-16 14:00:00,Ashley Garcia,ashley.garcia@example.com,Los Angeles,Sticky Notes,Office Supplies,8.25,1.0,Central Tech,Chicago,Charlie Chaplin
10415,2025-11-27 06:00:00,Megan Brown,megan.brown@example.com,Los Angeles,Filing Cabinet, Furniture ,120.0,8.0,Westside Retail,Los Angeles,Bob Marley
10416,2025-06-05 19:00:00,David Rodriguez,david.rodriguez@example.com,Phoenix,Sticky Notes,Office Supplies,8.25,6.0,Valley Center,Phoenix,Elton John
10417,2025-09-06 04:00:00,Megan Johnson,megan.johnson@example.com,San Antonio,A4 Paper (Ream),Office Supplies,5.99,8.0,Valley Center,Phoenix,Elton John
10418,2025-05-13 03:00:00,David Martinez,david.martinez@example.com,Phoenix,Filing Cabinet,Furniture,120.0,6.0,Downtown Hub,New York,Alice Cooper
10419,2025-12-29 07:00:00,Robert Smith,robert.smith@example.com,Dallas,Ergonomic Chair,Furniture,250.0,6.0,Valley Center   ,Phoenix,Elton John
10420,2025-05-06 09:00:00,Charles Anderson,charles.anderson@example.com,New York,Mechanical Keyboard,Electronics,150.0,10.0,Central Tech,Chicago,Charlie Chaplin
10421,2025-06-06 16:00:00,Michael Wilson,michael.wilson@example.com,Phoenix,Stapler,Office Supplies,15.0,8.0,Central Tech,Chicago,Charlie Chaplin
10422,2025-05-20 06:00:00,Megan Lopez,megan.lopez@example.com,Dallas,Standing Desk,Furniture,450.0,1.0,Westside Retail,Los Angeles,Bob Marley
10423,2025-10-17 15:00:00,William Davis,william.davis@example.com,Phoenix,Standing Desk,Furniture,450.0,8.0,Westside Retail   ,Los Angeles,Bob Marley
10424,2025-02-23 20:00:00,Sarah Gonzalez,sarah.gonzalez@example.com,San Antonio,Filing Cabinet,Furniture,120.0,10.0,Downtown Hub   ,New York,Alice Cooper
10425,2025-06-13 03:00:00,William Rodriguez,william.rodriguez@example.com,Los Angeles,Filing Cabinet,Furniture,120.0,1.0,Southside Store,Houston,Diana Ross
10426,2025-01-23 18:00:00,David Williams,david.williams@example.com,San Antonio,Laptop Pro,Electronics,"$1,200.00",7.0,Central Tech,Chicago,Charlie Chaplin
10427,2025-02-17 11:00:00,Emily Rodriguez,emily.rodriguez@example.com,San Antonio,4K Monitor,Electronics,300.0,9.0,Downtown Hub,New York,Alice Cooper
10428,2025-04-02 04:00:00,Ashley Rodriguez,,Los Angeles,Ergonomic Chair,Furniture,250.0,1.0,Westside Retail,Los Angeles,Bob Marley
10429,2025-07-28 18:00:00,john lopez,john.lopez@example.com,Los Angeles,A4 Paper (Ream),Office Supplies,5.99,7.0,Westside Retail   ,Los Angeles,Bob Marley
10430,2025-05-15 06:00:00,Joseph Garcia,joseph.garcia@example.com,,Sticky Notes,Office Supplies,8.25,8.0,Downtown Hub,New York,Alice Cooper
10431,2025-01-19 21:00:00,James Martinez,james.martinez@example.com,San Jose,Gel Pens (Pack),Office Supplies,12.5,3.0,Southside Store,Houston,Diana Ross
10432,2025-02-28 23:00:00,Ashley Rodriguez,ashley.rodriguez@example.com,,Ergonomic Chair,Furniture,$250.00,10.0,Southside Store,Houston,Diana Ross
10433,2025-01-11 09:00:00,Taylor Garcia,taylor.garcia@example.com,Houston,Gel Pens (Pack),Office Supplies,12.5,9.0,Southside Store   ,Houston,Diana Ross
10434,2025-08-20 02:00:00,Robert Hernandez,robert.hernandez@example.com,New York,Stapler,Office Supplies,15.0,1.0,Central Tech,Chicago,Charlie Chaplin
10435,2025-05-09 06:00:00,Amanda Wilson,amanda.wilson@example.com,San Antonio,Standing Desk,Furniture,450.0,3.0,Downtown Hub   ,New York,Alice Cooper
10436,2025-06-21 16:00:00,James Williams,james.williams@example.com,San Jose,A4 Paper (Ream),Office Supplies,5.99,9.0,Valley Center,Phoenix,Elton John
10437,2025-08-15 04:00:00,Hannah Hernandez,hannah.hernandez@example.com,Phoenix,Stapler,Office Supplies,15.0,2.0,Valley Center,Phoenix,Elton John
10438,2025-01-30 08:00:00,David Davis,david.davis@example.com,Dallas,4K Monitor, Electronics ,$300.00,1.0,Southside Store,Houston,Diana Ross
10439,2025-03-17 19:00:00,William Gonzalez,william.gonzalez@example.com,San Jose,4K Monitor,Electronics,$300.00,,Valley Center,Phoenix,Elton John
10440,2025-08-01 01:00:00,Hannah Miller,hannah.miller@example.com,San Diego,Ergonomic Chair,Furniture,250.0,3.0,Southside Store,Houston,Diana Ross
10441,2025-03-06 14:00:00,Hannah Johnson,hannah.johnson@example.com,New York,Standing Desk,Furniture,450.0,5.0,Southside Store,Houston,Diana Ross
10442,2025-08-29 13:00:00,Robert Wilson,robert.wilson@example.com,San Diego,Gel Pens (Pack),Office Supplies,12.5,9.0,Westside Retail,Los Angeles,Bob Marley
10443,2025-02-23 10:00:00,Michael Miller,michael.miller@example.com,Phoenix,Gel Pens (Pack),Office Supplies,12.5,9.0,Southside Store,Houston,Diana Ross
10444,2025-10-06 19:00:00,Megan Smith,megan.smith@example.com,Los Angeles,Stapler,Office Supplies,15.0,9.0,Valley Center,Phoenix,Elton John
10445,2025-06-02 03:00:00,Amanda Smith,amanda.smith@example.com,Houston,4K Monitor,Electronics,300.0,3.0,Westside Retail,Los Angeles,Bob Marley
10446,2025-11-26 20:00:00,Hannah Miller,hannah.miller@example.com,San Antonio,Wireless Mouse,Electronics,25.5,8.0,Southside Store,Houston,Diana Ross
10447,2025-06-04 07:00:00,william brown,william.brown@example.com,Philadelphia,Standing Desk,Furniture,450.0,3.0,Downtown Hub,New York,Alice Cooper
10448,2025-06-06 19:00:00,Sarah Smith,sarah.smith@example.com,San Jose,Sticky Notes,Office Supplies,8.25,3.0,Southside Store,Houston,Diana Ross
10449,2025-10-13 19:00:00,Amanda Davis,amanda.davis@example.com,Los Angeles,Laptop Pro,Electronics,"$1,200.00",10.0,Southside Store,Houston,Diana Ross
10450,2025-08-12 12:00:00,John Johnson,john.johnson@example.com,Phoenix,Wireless Mouse,Electronic,25.5,10.0,Central Tech,Chicago,Charlie Chaplin
10451,2025-10-11 16:00:00,Robert Gonzalez,robert.gonzalez@example.com,Philadelphia,Ergonomic Chair, Furniture ,250.0,6.0,Downtown Hub,New York,Alice Cooper
10452,2025-07-24 07:00:00,John Brown,john.brown@example.com,Houston,Stapler,Office Supplies,15.0,1.0,Westside Retail,Los Angeles,Bob Marley
10453,2025-05-31 17:00:00,John Anderson,john.anderson@example.com,San Jose,Standing Desk,Furniture,450.0,4.0,Central Tech,Chicago,Charlie Chaplin
10454,2025-08-14 09:00:00,Emily Jones,emily.jones@example.com,Phoenix,Laptop Pro,Electronics,1200.0,7.0,Central Tech,Chicago,Charlie Chaplin
10455,2025-05-11 07:00:00,James Gonzalez,james.gonzalez@example.com,Los Angeles,4K Monitor,Electronics,300.0,4.0,Downtown Hub,New York,Alice Cooper
10456,2025-08-17 00:00:00,Megan Lopez,megan.lopez@example.com,Phoenix,A4 Paper (Ream),Office Supplies,5.99,1.0,Westside Retail,Los Angeles,Bob Marley
10457,2025-03-11 01:00:00,Joseph Miller,joseph.miller@example.com,New York,Stapler,Office Supplies,15.0,1.0,Westside Retail,Los Angeles,Bob Marley
10458,2025-01-13 11:00:00,CHARLES ANDERSON,charles.anderson@example.com,Houston,Ergonomic Chair,Furniture,250.0,3.0,Downtown Hub,New York,Alice Cooper
10459,2025-05-04 00:00:00,John Rodriguez,john.rodriguez@example.com,New York,4K Monitor,Electronics,300.0,9.0,Central Tech,Chicago,Charlie Chaplin
10460,2025-04-18 17:00:00,emily gonzalez,emily.gonzalez@example.com,San Antonio,Wireless Mouse,Electronics,25.5,7.0,Westside Retail,Los Angeles,Bob Marley
10461,2025-10-26 20:00:00,John Miller,john.miller@example.com,New York,4K Monitor,Electronics,300.0,5.0,Southside Store,Houston,Diana Ross
10462,2025-12-23 20:00:00,William Wilson,william.wilson@example.com,Philadelphia,4K Monitor,Electronics,300.0,3.0,Downtown Hub,New York,Alice Cooper
10463,2025-04-08 08:00:00,Joseph Garcia,joseph.garcia@example.com,New York,Laptop Pro,Electronics,1200.0,8.0,Southside Store,Houston,Diana Ross
10464,2025-11-11 13:00:00,James Garcia,,Los Angeles,Wireless Mouse,Electronics,25.5,8.0,Westside Retail,Los Angeles,Bob Marley
10465,2025-07-11 18:00:00,Megan Garcia,megan.garcia@example.com,Dallas,A4 Paper (Ream),Office Supplies,$5.99,7.0,Westside Retail,Los Angeles,Bob Marley
10466,2025-07-11 00:00:00,JAMES JONES,james.jones@example.com,Chicago,4K Monitor, Electronics ,300.0,6.0,Westside Retail,Los Angeles,Bob Marley
10467,2025-09-15 17:00:00,William Wilson,william.wilson@example.com,San Jose,A4 Paper (Ream),Office Supplies,5.99,5.0,Valley Center,Phoenix,Elton John
10468,2025-01-20 05:00:00,Amanda Brown,amanda.brown@example.com,San Diego,Sticky Notes,Office Supplies,$8.25,2.0,Southside Store,Houston,Diana Ross
10469,2025-11-13 21:00:00,Megan Johnson,megan.johnson@example.com,San Antonio,Laptop Pro,Electronics,1200.0,7.0,Southside Store,Houston,Diana Ross
10470,2025-08-07 21:00:00,William Johnson,william.johnson@example.com,Philadelphia,Standing Desk,Furniture,450.0,10.0,Southside Store,Houston,Diana Ross
10471,2025-02-27 12:00:00,Sarah Rodriguez,sarah.rodriguez@example.com,Dallas,Filing Cabinet,Furniture,120.0,4.0,Valley Center,Phoenix,Elton John
10472,2025-12-08 05:00:00,Amanda Johnson,amanda.johnson@example.com,Philadelphia,Gel Pens (Pack),Office Supplies,12.5,6.0,Central Tech,Chicago,Charlie Chaplin
10473,2025-07-31 21:00:00,Emily Davis,emily.davis@example.com,Los Angeles,Laptop Pro,Electronics,"$1,200.00",8.0,Southside Store,Houston,Diana Ross
10474,2025-09-01 22:00:00,Sarah Miller,sarah.miller@example.com,San Diego,Standing Desk,Furniture,$450.00,3.0,Downtown Hub,New York,Alice Cooper
10475,2025-02-17 07:00:00,Amanda Davis,amanda.davis@example.com,Houston,4K Monitor,Electronic,300.0,3.0,Downtown Hub,New York,Alice Cooper
10476,2025-11-03 22:00:00,Robert Jones,robert.jones@example.com,Phoenix,Sticky Notes,Office Supplies,8.25,1.0,Westside Retail,Los Angeles,Bob Marley
10477,2025-11-22 05:00:00,Amanda Martinez,amanda.martinez@example.com,San Diego,Mechanical Keyboard, Electronics ,150.0,8.0,Downtown Hub,New York,Alice Cooper
10478,2025-04-08 20:00:00,Charles Jones,charles.jones@example.com,Chicago,Sticky Notes,Office Supplies,8.25,3.0,Westside Retail,Los Angeles,Bob Marley
10479,2025-07-30 09:00:00,Megan Williams,megan.williams@example.com,San Antonio,Ergonomic Chair,Furniture,250.0,6.0,Westside Retail,Los Angeles,Bob Marley
10480,2025-09-19 15:00:00,robert davis,robert.davis@example.com,San Antonio,Ergonomic Chair, Furniture ,250.0,3.0,Southside Store,Houston,Diana Ross
10481,2025-08-14 12:00:00,Sarah Miller,sarah.miller@example.com,San Diego,Wireless Mouse,Electronics,25.5,2.0,Westside Retail,Los Angeles,Bob Marley
10482,2025-04-22 14:00:00,Taylor Davis,taylor.davis@example.com,New York,Gel Pens (Pack),Office Supplies,12.5,2.0,Valley Center,Phoenix,Elton John
10483,2025-04-11 22:00:00,Megan Gonzalez,megan.gonzalez@example.com,San Diego,Filing Cabinet,Furniture,120.0,7.0,Downtown Hub,New York,Alice Cooper
10484,2025-05-02 22:00:00,Emily Garcia,,Los Angeles,Filing Cabinet,Furniture,120.0,,Southside Store,Houston,Diana Ross
10485,2025-01-18 12:00:00,Joseph Martinez,joseph.martinez@example.com,San Diego,Standing Desk,Furniture,450.0,10.0,Westside Retail,Los Angeles,Bob Marley
10486,2025-09-16 03:00:00,David Jones,david.jones@example.com,Phoenix,Wireless Mouse, Electronics ,25.5,10.0,Southside Store,Houston,Diana Ross
10487,2025-04-15 16:00:00,Emily Anderson,emily.anderson@example.com,New York,Ergonomic Chair,Furniture,250.0,8.0,Southside Store   ,Houston,Diana Ross
10488,2025-09-20 09:00:00,Emily Wilson,emily.wilson@example.com,San Antonio,Gel Pens (Pack),Office Supplies,$12.50,7.0,Central Tech,Chicago,Charlie Chaplin
10489,2025-08-01 20:00:00,David Miller,david.miller@example.com,Chicago,Laptop Pro, Electronics ,1200.0,1.0,Southside Store,Houston,Diana Ross
10490,2025-10-17 12:00:00,John Jones,john.jones@example.com,Houston,Sticky Notes,Office Supplies,8.25,6.0,Central Tech,Chicago,Charlie Chaplin
10491,2025-07-08 05:00:00,Joseph Garcia,joseph.garcia@example.com,Houston,Ergonomic Chair,Furniture,$250.00,6.0,Downtown Hub,New York,Alice Cooper
10492,2025-05-24 21:00:00,Joseph Gonzalez,joseph.gonzalez@example.com,Los Angeles,Mechanical Keyboard,Electronics,$150.00,6.0,Downtown Hub,New York,Alice Cooper
10493,2025-07-06 14:00:00,MEGAN MARTINEZ,megan.martinez@example.com,San Jose,Stapler,Office Supplie,15.0,3.0,Valley Center   ,Phoenix,Elton John
10494,2025-10-25 15:00:00,James Smith,james.smith@example.com,Los Angeles,Wireless Mouse,Electronics,25.5,6.0,Central Tech   ,Chicago,Charlie Chaplin
10495,2025-02-20 23:00:00,William Williams,,San Jose,Standing Desk,Furniture,450.0,9.0,Central Tech   ,Chicago,Charlie Chaplin
10496,2025-07-04 03:00:00,Megan Gonzalez,megan.gonzalez@example.com,San Antonio,Filing Cabinet, Furniture ,120.0,4.0,Downtown Hub,New York,Alice Cooper
10497,2025-11-22 16:00:00,Joseph Wilson,joseph.wilson@example.com,Philadelphia,Stapler,Office Supplies,15.0,6.0,Central Tech,Chicago,Charlie Chaplin
10498,2025-10-27 04:00:00,Robert Brown,robert.brown@example.com,Philadelphia,Ergonomic Chair,Furniture,$250.00,7.0,Westside Retail,Los Angeles,Bob Marley
10499,2025-10-03 20:00:00,Megan Miller,megan.miller@example.com,New York,Wireless Mouse,Electronics,$25.50,2.0,Southside Store,Houston,Diana Ross
10500,2025-05-15 05:00:00,Amanda Williams,amanda.williams@example.com,Los Angeles,Stapler,Office Supplies,$15.00,6.0,Downtown Hub   ,New York,Alice Cooper
